INSERT INTO Companies VALUES('facebook.com','facebook',' Palo Alto','computer marketing','social media','connection of all humanity','info@facebook.com')
INSERT INTO Companies VALUES('google.com','google','600 Amphitheatre Parkway in Mountain View, Santa Clara County, California, United States','computer marketing','internet managing','have all humanity search through it','google@google.com')
INSERT INTO Companies VALUES('amazon.com','amazon','Beacon Hill neighborhood','computer marketing','digital marketing','sell to all humanity','amazon@amazon.com')


INSERT INTO Departments VALUES('facebook.com','PHP','Facebook PHP handlers ')
INSERT INTO Departments VALUES('facebook.com','JS','Facebook JS handlers')
INSERT INTO Departments VALUES('facebook.com','BOOTSTRAP','Facebook BootStrap handlers')

INSERT INTO Departments VALUES('google.com','LOCATION','Google location handlers')
INSERT INTO Departments VALUES('google.com','MAPS','Google Maps handlers')
INSERT INTO Departments VALUES('google.com','SEARCH','Google Search handlers')

INSERT INTO Departments VALUES('amazon.com','MERCHANDISE','Amazon Merchandise handlers')
INSERT INTO Departments VALUES('amazon.com','CUSTOMER','Amazon CUSTOMER handlers')
INSERT INTO Departments VALUES('amazon.com','WEBSITE','Amazon WEBSITE handlers')


INSERT INTO Users VALUES ('Yousef.Mustafa', 'WWE123','yousef.mustafa@gmail.com','12/11/1993',2,'Yousef', 'Mustafa'); 
INSERT INTO Users VALUES ('Fayrouz.Hussain','02306FM','fayrouz.hussain@hotmail.com','06/23/1994',1,'Fayrouz','Hussain');
INSERT INTO Users VALUES ('Dina.AlMasry','DMAm111','dinamohamed@gmail.com','11/1/1990',5,'Dina', 'AlMasry');

INSERT INTO Job_Seekers VALUES ('Yousef.Mustafa');
INSERT INTO Job_Seekers VALUES ('Fayrouz.Hussain');
INSERT INTO Job_Seekers VALUES ('Dina.AlMasry');